{"cameraMode":{"drawMode":0,"name":"Shaded","section":"Shading Mode"},"sceneLighting":true,"audioPlay":false,"sceneViewState":{"showFog":true,"showMaterialUpdate":false,"showSkybox":true,"showFlares":true,"showImageEffects":true,"showParticleSystems":true},"in2DMode":false,"pivot":{"x":-2.822618246078491,"y":1.3433493375778199,"z":-2.6007463932037355},"rotation":{"x":0.25292205810546877,"y":0.03772022947669029,"z":-0.009867420420050621,"w":0.9667025208473206},"size":5.9071364402771,"orthographic":true}