{"cameraMode":{"drawMode":0,"name":"Shaded","section":"Shading Mode"},"sceneLighting":true,"audioPlay":false,"sceneViewState":{"showFog":true,"showMaterialUpdate":false,"showSkybox":true,"showFlares":true,"showImageEffects":true,"showParticleSystems":true},"in2DMode":false,"pivot":{"x":-34.593017578125,"y":-32.564552307128909,"z":12.871485710144043},"rotation":{"x":0.36324360966682436,"y":-0.3533453941345215,"z":0.1512274593114853,"w":0.8487250208854675},"size":37.74636459350586,"orthographic":false}