{"cameraMode":{"drawMode":0,"name":"Shaded","section":"Shading Mode"},"sceneLighting":true,"audioPlay":false,"sceneViewState":{"showFog":true,"showMaterialUpdate":false,"showSkybox":true,"showFlares":true,"showImageEffects":true,"showParticleSystems":true},"in2DMode":false,"pivot":{"x":-9.499963760375977,"y":4.807708740234375,"z":-2.5527849197387697},"rotation":{"x":0.19929535686969758,"y":-0.10852229595184326,"z":0.022213226184248925,"w":0.9736601710319519},"size":22.596162796020509,"orthographic":true}